Seg0_Max,Seg0_Min,Seg1_Max,Seg1_Min,Seg2_Max,Seg2_Min,Seg3_Max,Seg3_Min,Period
3.198669,-0.819031,5.998535,-2.659241,1.279724,0.760803,3.138977,-0.141541,83.724976,-184.188843,182.876587,-65.505981,58.395386,-141.815186,20.095825,-138.107300,9.820601,        1.2943884134
3.154175,-0.234009,0.081665,-0.194458,5.998535,0.048523,5.998535,-3.662292,102.584839,-103.744507,119.461060,-46.493530,206.481934,-119.552612,251.281738,-83.404541,15.819692,        0.6150565147
1.454224,0.734802,1.208496,1.032349,1.242371,0.575500,3.230164,0.539795,28.518677,-25.970459,56.640625,0.930786,21.896362,-59.570312,14.572144,-69.427490,2.172567,        0.7046500444
3.011169,-0.348083,0.096680,-0.189697,0.092285,0.000183,4.722473,-0.059326,16.098022,-250.137329,62.423706,-43.685913,93.109131,49.758911,263.824463,-115.600586,0.350746,        0.4349703789
5.998535,-3.267517,5.839050,-1.648499,0.561951,-1.577637,1.759644,0.561951,199.707031,-97.564697,101.882935,-17.700195,1.159668,-48.828125,27.191162,-10.101318,3.883339,        0.1526980400
1.490112,0.824707,1.150085,0.958374,1.462646,0.391663,3.768677,-0.204712,27.313232,-24.673462,61.035156,-1.312256,20.431519,-70.297241,36.865234,-53.070068,0.996582,        0.7580639124
3.650574,-0.166992,0.007141,-0.202515,0.217712,-0.104370,5.998535,0.180725,66.421509,-173.797607,44.219971,19.012451,40.664673,8.560181,194.900513,-92.422485,1.515576,        0.4482775927
5.998535,4.665161,-2.977844,-3.013000,5.998535,-2.977844,5.998535,-0.598938,123.168945,28.030396,277.801514,-40.344238,203.063965,59.600830,150.314331,64.376831,5.729539,        0.0612740517
1.331360,-3.591064,1.146973,0.821228,1.539185,0.417664,3.128357,0.039185,151.916504,-67.764282,30.395508,-41.305542,3.662109,-31.112671,20.538330,-45.196533,5.225130,        0.7639119625
