Seg0_Max,Seg0_Min,Seg1_Max,Seg1_Min,Seg2_Max,Seg2_Min,Seg3_Max,Seg3_Min,Period
1.030334,0.993347,1.074280,1.016235,1.053223,0.988586,2.484924,0.572571,480.529785,-481.521606,1.327515,-1.739502,3.036499,-5.187988,25.344849,-33.218384,0.854829,        1.0377763510
1.794800,-0.453186,5.440430,0.396790,1.077026,1.003784,2.458374,0.428284,125.289917,-87.310791,96.054077,-3.845215,6.454468,-33.493042,28.579712,-47.622681,5.638201,        1.2267310619
5.950562,-0.187134,1.189453,-1.155396,1.103943,0.941528,2.496094,0.580994,120.727539,-87.921143,92.300415,-32.043457,35.446167,-4.165649,29.556274,-65.002441,1.025776,        1.4120985270
3.043579,-0.270630,5.480530,0.134766,1.073730,0.989868,2.724792,-0.150146,167.221069,-164.642334,107.879639,-19.409180,4.837036,-6.530762,37.628174,-45.822144,3.059531,        1.2948989868
1.624146,-0.026184,0.046326,-0.162231,3.460327,-0.313110,4.863647,0.368408,43.304443,-82.077026,82.901001,-91.171265,152.481079,-104.949951,38.299561,-35.263062,1.883577,        0.4107804298
1.369080,0.610657,1.311584,0.905090,1.263062,0.944275,2.474854,0.596375,105.651855,-41.275024,25.299072,-3.906250,2.197266,-32.867432,20.202637,-47.637939,1.011654,        0.8214765787
