Seg0_Max,Seg0_Min,Seg1_Max,Seg1_Min,Seg2_Max,Seg2_Min,Seg3_Max,Seg3_Min,Period
1.169312,1.018433,1.828491,1.169312,1.528564,0.383606,0.775269,0.318420,264.251709,-241.333008,-3.173828,-56.442261,10.848999,-42.434692,33.386230,-42.984009,8.753768,        0.4174429178
2.790344,0.407593,2.329651,0.670898,2.058655,0.593079,2.367920,-0.441467,117.340088,-89.447021,47.424316,-39.199829,7.980347,-70.831299,85.266113,-71.243286,4.002626,        1.2608565092
2.372864,0.644531,3.091187,0.579529,2.527039,0.397888,2.526123,-0.401367,46.997070,-127.578735,61.355591,-100.082397,7.476807,-52.230835,136.505127,-82.962036,6.832293,        1.3739994764
3.046143,0.638123,3.290588,0.163513,1.647949,0.791016,2.140503,-0.607178,64.956665,-90.866089,74.920654,-10.879517,11.474609,-47.988892,91.079712,-43.075562,2.856159,        1.1130969524
1.894592,0.806946,3.321167,0.216797,1.635315,0.718689,2.454346,-0.679504,101.303101,-59.890747,47.836304,-100.921631,-1.464844,-52.169800,124.755859,-47.393799,4.535270,        1.1902695894
3.280884,0.451904,3.280884,0.739014,1.250977,0.767761,2.305298,-0.934937,128.646851,-117.065430,54.794312,-116.714478,-0.335693,-43.685913,67.733765,-102.142334,2.891725,        1.1630669832
2.373230,0.117920,3.611938,0.111328,1.760742,0.721619,1.848999,-0.640686,160.812378,-107.192993,66.207886,-12.283325,-1.770020,-54.382324,69.122314,-56.488037,1.255996,        1.2768781185
