Seg0_Max,Seg0_Min,Seg1_Max,Seg1_Min,Seg2_Max,Seg2_Min,Seg3_Max,Seg3_Min,Period
1.955750,0.447876,1.078674,0.909851,2.159180,0.933472,2.534912,-0.451172,47.271729,-32.043457,23.117065,-13.595581,4.028320,-88.211060,120.468140,-54.595947,2.374799,        1.2253489494
1.671387,0.270996,1.296936,0.857849,2.485107,1.037292,2.614014,-0.468384,88.424683,-115.051270,19.805908,-9.719849,66.543579,-79.925537,70.983887,-63.842773,0.281435,        1.1527299881
4.779968,-0.194092,1.187988,0.936768,2.555420,1.038940,2.039978,-0.215698,63.308716,-126.266479,16.876221,-10.604858,66.207886,-78.475952,78.552246,-59.326172,0.159222,        1.1789774895
3.590149,0.235107,1.225708,0.953064,2.364441,0.987854,1.962524,-0.205078,74.859619,-109.405518,31.600952,-22.705078,57.388306,-65.795898,98.602295,-52.810669,3.526179,        1.1789230108
1.958313,0.318970,1.099548,0.964050,2.139221,1.043152,2.341919,-0.082947,91.110229,-132.171631,5.905151,-10.543823,82.550049,-67.596436,80.856323,-67.565918,1.067150,        1.2405619621
2.471191,0.217529,1.120239,0.955444,1.921326,0.883118,1.773743,-0.008606,61.965942,-129.806519,1.770020,-17.089844,39.031982,-101.287842,198.364258,-81.512451,6.668261,        1.4199981689
