Stride_Max,Stride_Min,Period
97.198486,-56.457520,        2.1108244658
86.227417,-89.538574,        2.0000694990
98.907471,-86.837769,        1.9976390600
62.179565,-49.392700,        1.9552645683
87.219238,-94.375610,        1.9124374390
83.999634,-90.164185,        2.0140320063
90.835571,-53.543091,        1.8722169399
109.924316,-32.394409,        2.0240235329
73.516846,-45.700073,        1.9713634253
