Stride_Max,Stride_Min,Period
326.507568,-260.772705,        1.9615346193
87.173462,-87.310791,        2.4676203728
88.714600,-87.478638,        2.2264084816
95.443726,-101.242065,        2.1147450209
77.529907,-84.609985,        2.2937840223
77.209473,-66.970825,        2.2685315609
87.493896,-58.456421,        2.3318680525
89.218140,-81.283569,        2.1009674072
76.278687,-84.197998,        2.1630779505
