T_max,Max,T_min,Min
        2.7282190323,97.198486,        2.3331555128,-56.457520
        4.6140954494,86.227417,        4.4439799786,-89.538574
        6.6251754761,98.907471,        6.4440494776,-86.837769
        8.8598059416,62.179565,        8.4416885376,-49.392700
       10.5677419901,87.219238,       10.3969531059,-94.375610
       12.8515133858,83.999634,       12.8785364628,-90.164185
       14.6799789667,90.835571,       14.3234225512,-53.543091
       16.7855695486,109.924316,       16.8198659420,-32.394409
       18.7821644545,73.516846,       18.2595809698,-45.700073
