Seg0_Max,Seg0_Min,Seg1_Max,Seg1_Min,Seg2_Max,Seg2_Min,Seg3_Max,Seg3_Min,Period
326.507568,-260.772705,17.776489,-18.875122,9.490967,-39.718628,69.717407,-105.010986,        2.0509470701
87.173462,-41.091919,11.672974,-22.720337,7.614136,-27.114868,88.714600,-122.299194,        2.4122114182
66.604614,-35.675049,10.940552,-16.525269,1.083374,-38.284302,75.820923,-104.934692,        2.2348999977
95.443726,-79.437256,20.858765,-32.211304,2.502441,-29.708862,77.529907,-107.131958,        2.1896259785
72.387695,-28.518677,17.608643,-38.574219,18.127441,-28.762817,69.519043,-89.416504,        2.2904795408
77.209473,-50.292969,15.426636,-17.807007,5.325317,-25.177002,61.004639,-63.522339,        2.2160395384
87.493896,-51.055908,7.659912,-18.753052,4.287720,-26.641846,75.302124,-123.001099,        2.3020744324
89.218140,-46.081543,8.453369,-21.667480,10.986328,-31.234741,76.278687,-109.893799,        2.1657305956
61.553955,-56.091309,5.950928,-25.360107,6.240845,-24.475098,61.859131,-58.654785,        2.1801314354
