Seg0_Max,Seg0_Min,Seg1_Max,Seg1_Min,Seg2_Max,Seg2_Min,Seg3_Max,Seg3_Min,Period
97.198486,-36.102295,33.813477,-29.556274,28.366089,-26.489258,86.227417,-132.415771,        2.1184608936
85.311890,-40.374756,8.056641,-15.197754,9.628296,-37.872314,98.907471,-118.728638,        2.0214799643
59.707642,-47.149658,17.883301,-17.120361,17.135620,-35.018921,50.704956,-105.224609,        1.9356495142
62.179565,-37.414551,15.823364,-32.928467,8.926392,-43.869019,87.219238,-115.768433,        1.9795271158
59.555054,-50.598145,33.905029,-33.050537,15.365601,-31.082153,63.186646,-86.578369,        1.9274704456
83.999634,-90.164185,12.878418,-9.567261,12.878418,-36.514282,90.835571,-94.940186,        2.0118573904
83.190918,-46.356201,11.764526,-12.176514,-2.059937,-54.290771,45.867920,-39.794922,        1.9414906502
109.924316,-32.394409,22.323608,-27.740479,23.284912,-24.551392,63.110352,-95.428467,        1.9832069874
73.516846,-43.869019,8.163452,-29.281616,44.616699,-36.224365,80.535889,-81.024170,        1.9569098949
