Seg0_Max,Seg0_Min,Seg1_Max,Seg1_Min,Seg2_Max,Seg2_Min,Seg3_Max,Seg3_Min,Period
95.062256,-73.150635,8.392334,-32.730103,6.866455,-29.571533,60.989380,-111.282349,        2.2399659157
61.294556,-32.882690,11.322021,-26.199341,33.477783,-32.791138,68.466187,-105.911255,        2.2471580505
85.586548,-51.895142,13.305664,-24.719238,6.668091,-15.319824,55.068970,-68.496704,        2.4208464622
77.636719,-51.620483,16.326904,-26.397705,22.384644,-29.830933,71.807861,-60.394287,        2.4217780828
57.678223,-53.756714,9.719849,-30.380249,9.201050,-20.248413,59.906006,-102.722168,        2.4455499649
80.291748,-70.144653,14.953613,-21.179199,0.717163,-30.792236,79.132080,-109.008789,        2.4892125130
96.893311,-55.847168,12.207031,-17.288208,0.396729,-25.497437,68.481445,-88.882446,        2.2786865234
84.869385,-52.947998,11.352539,-19.439697,3.234863,-42.999268,67.184448,-131.164551,        2.4659085274
99.090576,-55.297852,10.269165,-13.092041,4.791260,-24.490356,64.926147,-85.357666,        2.3014628887
